{"fcfs": {"std_dev": 31.346224323034512, "total_mean": 471.68869999999987, "max_exec_wait": 561.21, "raw_values": [430.42, 497.16, 461.27, 464.41, 506.93, 449.72, 519.58, 473.9, 493.09, 477.28, 510.64, 432.69, 471.19, 509.15, 498.71, 439.67, 446.68, 498.05, 495.67, 432.36, 447.27, 442.88, 550.03, 467.15, 499.62, 488.6, 483.19, 441.57, 461.84, 490.78, 538.46, 487.51, 422.36, 485.42, 466.78, 464.68, 501.59, 454.52, 409.02, 397.58, 492.38, 450.51, 462.16, 449.09, 498.42, 462.74, 481.86, 449.78, 500.11, 487.83, 456.41, 461.27, 427.83, 475.93, 528.49, 456.05, 490.13, 470.04, 431.78, 462.03, 487.22, 406.37, 425.69, 512.33, 470.06, 468.66, 473.65, 495.43, 561.21, 523.61, 458.24, 462.21, 465.05, 457.59, 454.17, 527.58, 461.72, 459.74, 428.94, 478.81, 437.49, 464.25, 482.69, 451.84, 429.57, 499.11, 459.67, 462.49, 462.87, 425.89, 481.58, 460.85, 493.66, 487.59, 414.84, 464.13, 509.02, 493.46, 476.24, 529.09]}}