{"fifo": {"std_dev": 14.343470833642586, "total_mean": 64.68666666666667, "max_faults": [85, 79, 74, 73, 85, 79, 79, 83, 89, 82, 83, 84, 82, 81, 78, 83, 81, 79, 82, 82, 85, 87, 86, 79, 85, 82, 86, 79, 83, 85, 73, 87, 92, 76, 78, 82, 82, 88, 83, 80, 84, 75, 83, 81, 83, 85, 77, 81, 88, 79, 77, 74, 76, 80, 81, 83, 75, 86, 71, 85, 85, 80, 84, 76, 88, 88, 84, 77, 82, 87, 77, 80, 80, 75, 82, 84, 83, 86, 77, 83, 86, 85, 93, 73, 85, 80, 86, 76, 79, 79, 79, 82, 78, 82, 74, 87, 81, 80, 76, 78], "raw_values": [[85, 79, 74, 73, 85, 79, 79, 83, 89, 82, 83, 84, 82, 81, 78, 83, 81, 79, 82, 82, 85, 87, 86, 79, 85, 82, 86, 79, 83, 85, 73, 87, 92, 76, 78, 82, 82, 88, 83, 80, 84, 75, 83, 81, 83, 85, 77, 81, 88, 79, 77, 74, 76, 80, 81, 83, 75, 86, 71, 85, 85, 80, 84, 76, 88, 88, 84, 77, 82, 87, 77, 80, 80, 75, 82, 84, 83, 86, 77, 83, 86, 85, 93, 73, 85, 80, 86, 76, 79, 79, 79, 82, 78, 82, 74, 87, 81, 80, 76, 78], [65, 66, 53, 57, 72, 62, 61, 74, 75, 67, 66, 59, 60, 68, 65, 62, 65, 64, 56, 65, 66, 72, 68, 65, 61, 59, 68, 64, 65, 71, 52, 68, 70, 64, 63, 65, 71, 68, 63, 55, 64, 58, 63, 59, 71, 71, 63, 68, 72, 65, 60, 60, 65, 67, 58, 61, 59, 75, 51, 73, 67, 71, 65, 66, 69, 64, 69, 57, 67, 63, 60, 66, 67, 57, 64, 67, 69, 71, 63, 63, 70, 63, 77, 53, 64, 62, 67, 63, 65, 59, 60, 65, 65, 70, 59, 73, 60, 55, 51, 63], [43, 41, 44, 43, 47, 53, 47, 51, 54, 47, 50, 45, 43, 51, 55, 48, 45, 55, 46, 48, 52, 57, 45, 43, 51, 50, 48, 53, 51, 53, 39, 52, 50, 42, 51, 55, 51, 54, 45, 46, 41, 46, 50, 45, 48, 47, 47, 54, 47, 46, 40, 37, 49, 47, 47, 50, 43, 53, 42, 55, 49, 53, 57, 50, 50, 50, 54, 49, 50, 45, 45, 49, 50, 46, 50, 46, 55, 53, 49, 49, 59, 50, 54, 38, 49, 49, 49, 52, 48, 49, 38, 46, 50, 46, 46, 55, 42, 45, 41, 49]]}}