{"lru": {"std_dev": 14.447798755827439, "total_mean": 64.63333333333334, "max_faults": [85, 79, 75, 73, 83, 81, 80, 84, 89, 84, 84, 83, 84, 83, 78, 83, 79, 80, 80, 80, 85, 86, 86, 78, 84, 82, 84, 80, 83, 85, 73, 86, 91, 78, 77, 82, 83, 87, 83, 81, 82, 74, 83, 79, 85, 86, 79, 81, 88, 79, 76, 72, 80, 79, 81, 83, 78, 86, 70, 88, 85, 79, 85, 78, 88, 88, 88, 77, 81, 84, 75, 81, 82, 75, 83, 85, 84, 86, 76, 84, 86, 83, 93, 78, 84, 79, 86, 78, 80, 77, 78, 82, 82, 79, 74, 87, 81, 79, 76, 77], "raw_values": [[85, 79, 75, 73, 83, 81, 80, 84, 89, 84, 84, 83, 84, 83, 78, 83, 79, 80, 80, 80, 85, 86, 86, 78, 84, 82, 84, 80, 83, 85, 73, 86, 91, 78, 77, 82, 83, 87, 83, 81, 82, 74, 83, 79, 85, 86, 79, 81, 88, 79, 76, 72, 80, 79, 81, 83, 78, 86, 70, 88, 85, 79, 85, 78, 88, 88, 88, 77, 81, 84, 75, 81, 82, 75, 83, 85, 84, 86, 76, 84, 86, 83, 93, 78, 84, 79, 86, 78, 80, 77, 78, 82, 82, 79, 74, 87, 81, 79, 76, 77], [67, 64, 55, 58, 73, 61, 56, 69, 75, 68, 66, 62, 58, 68, 64, 62, 59, 67, 55, 61, 67, 68, 66, 63, 60, 60, 68, 64, 68, 73, 55, 70, 71, 65, 64, 67, 66, 66, 61, 60, 61, 63, 67, 60, 67, 68, 64, 68, 73, 63, 59, 58, 64, 67, 61, 61, 53, 72, 56, 71, 64, 70, 63, 65, 66, 73, 66, 63, 66, 64, 59, 65, 65, 58, 62, 65, 68, 70, 65, 68, 70, 63, 79, 52, 68, 63, 69, 65, 62, 62, 62, 67, 64, 65, 55, 74, 59, 59, 52, 65], [47, 41, 42, 42, 54, 48, 43, 49, 57, 53, 52, 46, 45, 55, 47, 44, 43, 54, 41, 50, 48, 54, 51, 48, 49, 46, 53, 51, 53, 55, 40, 52, 53, 47, 50, 51, 55, 50, 45, 41, 42, 45, 49, 45, 51, 47, 46, 53, 47, 42, 42, 45, 52, 43, 44, 44, 40, 48, 40, 52, 49, 55, 56, 51, 53, 53, 52, 47, 48, 50, 46, 49, 50, 46, 50, 44, 52, 51, 45, 50, 57, 46, 60, 37, 49, 49, 54, 51, 45, 48, 42, 43, 48, 50, 45, 56, 41, 45, 38, 48]]}}