{"fifo": {"std_dev": 22.433204308692854, "total_mean": 35.79666666666667, "max_faults": [67, 66, 52, 65, 64, 68, 67, 65, 71, 73, 73, 59, 61, 78, 71, 71, 73, 59, 64, 58, 66, 68, 65, 64, 61, 62, 66, 68, 62, 64, 69, 60, 66, 61, 70, 65, 60, 61, 67, 66, 67, 66, 67, 66, 64, 68, 61, 63, 64, 66, 67, 64, 64, 56, 65, 59, 65, 62, 57, 66, 62, 64, 65, 64, 60, 62, 62, 71, 58, 73, 63, 60, 59, 72, 68, 57, 63, 65, 66, 74, 74, 68, 59, 60, 66, 68, 73, 59, 68, 63, 68, 65, 66, 61, 62, 55, 64, 65, 70, 59], "raw_values": [[67, 66, 52, 65, 64, 68, 67, 65, 71, 73, 73, 59, 61, 78, 71, 71, 73, 59, 64, 58, 66, 68, 65, 64, 61, 62, 66, 68, 62, 64, 69, 60, 66, 61, 70, 65, 60, 61, 67, 66, 67, 66, 67, 66, 64, 68, 61, 63, 64, 66, 67, 64, 64, 56, 65, 59, 65, 62, 57, 66, 62, 64, 65, 64, 60, 62, 62, 71, 58, 73, 63, 60, 59, 72, 68, 57, 63, 65, 66, 74, 74, 68, 59, 60, 66, 68, 73, 59, 68, 63, 68, 65, 66, 61, 62, 55, 64, 65, 70, 59], [35, 33, 28, 33, 33, 36, 32, 24, 32, 36, 35, 23, 28, 41, 41, 40, 26, 31, 34, 30, 38, 35, 35, 35, 33, 31, 35, 31, 31, 34, 34, 32, 25, 35, 37, 31, 34, 27, 33, 32, 34, 26, 29, 29, 35, 27, 30, 32, 24, 30, 26, 33, 22, 30, 40, 33, 40, 29, 28, 29, 26, 25, 36, 31, 27, 28, 33, 33, 22, 37, 29, 31, 30, 32, 32, 27, 35, 37, 37, 36, 36, 37, 29, 29, 33, 31, 32, 25, 30, 31, 30, 32, 32, 34, 30, 27, 32, 40, 33, 23], [11, 11, 11, 11, 11, 11, 11, 11, 11, 11, 11, 11, 11, 11, 11, 11, 11, 11, 11, 11, 11, 11, 11, 11, 11, 11, 11, 11, 11, 11, 11, 11, 11, 11, 11, 11, 11, 11, 11, 11, 11, 11, 11, 11, 11, 11, 11, 11, 11, 11, 11, 11, 11, 11, 11, 11, 11, 11, 11, 11, 11, 11, 11, 11, 11, 11, 11, 11, 11, 11, 11, 11, 11, 11, 11, 11, 11, 11, 11, 11, 11, 11, 11, 11, 11, 11, 11, 11, 11, 11, 11, 11, 11, 11, 11, 11, 11, 11, 11, 11]]}}