{"lru": {"std_dev": 22.293621409621984, "total_mean": 36.03333333333333, "max_faults": [67, 66, 54, 65, 60, 64, 66, 62, 72, 71, 72, 64, 58, 77, 65, 69, 72, 59, 62, 63, 66, 66, 68, 66, 65, 60, 66, 69, 62, 69, 73, 62, 64, 67, 72, 64, 59, 59, 66, 72, 64, 68, 66, 62, 66, 67, 65, 66, 66, 64, 66, 60, 64, 55, 64, 65, 62, 63, 59, 66, 59, 60, 68, 65, 60, 62, 63, 70, 57, 74, 62, 58, 61, 70, 69, 59, 67, 64, 66, 77, 70, 68, 60, 58, 66, 66, 71, 59, 67, 64, 64, 63, 66, 60, 62, 52, 62, 64, 66, 51], "raw_values": [[67, 66, 54, 65, 60, 64, 66, 62, 72, 71, 72, 64, 58, 77, 65, 69, 72, 59, 62, 63, 66, 66, 68, 66, 65, 60, 66, 69, 62, 69, 73, 62, 64, 67, 72, 64, 59, 59, 66, 72, 64, 68, 66, 62, 66, 67, 65, 66, 66, 64, 66, 60, 64, 55, 64, 65, 62, 63, 59, 66, 59, 60, 68, 65, 60, 62, 63, 70, 57, 74, 62, 58, 61, 70, 69, 59, 67, 64, 66, 77, 70, 68, 60, 58, 66, 66, 71, 59, 67, 64, 64, 63, 66, 60, 62, 52, 62, 64, 66, 51], [33, 33, 28, 36, 36, 33, 28, 24, 31, 36, 41, 31, 32, 41, 40, 38, 30, 29, 34, 29, 36, 38, 32, 36, 34, 32, 36, 36, 37, 33, 38, 36, 34, 33, 39, 36, 31, 30, 35, 36, 34, 29, 28, 34, 35, 29, 35, 32, 32, 34, 26, 34, 31, 26, 42, 29, 35, 28, 25, 31, 31, 26, 39, 31, 36, 30, 34, 35, 26, 33, 37, 28, 24, 36, 32, 24, 37, 31, 39, 37, 38, 37, 30, 28, 28, 32, 36, 23, 33, 29, 40, 29, 31, 30, 28, 27, 27, 36, 35, 26], [11, 11, 11, 11, 11, 11, 11, 11, 11, 11, 11, 11, 11, 11, 11, 11, 11, 11, 11, 11, 11, 11, 11, 11, 11, 11, 11, 11, 11, 11, 11, 11, 11, 11, 11, 11, 11, 11, 11, 11, 11, 11, 11, 11, 11, 11, 11, 11, 11, 11, 11, 11, 11, 11, 11, 11, 11, 11, 11, 11, 11, 11, 11, 11, 11, 11, 11, 11, 11, 11, 11, 11, 11, 11, 11, 11, 11, 11, 11, 11, 11, 11, 11, 11, 11, 11, 11, 11, 11, 11, 11, 11, 11, 11, 11, 11, 11, 11, 11, 11]]}}